{
"status": "ok"
"feed": {
"url": "https://twitrss.me/twitter_user_to_rss/?user=HamsOuidaa"
"title": "Twitter Search / HamsOuidaa"
"link": "https://twitter.com/HamsOuidaa"
"author": ""
"description": "Twitter feed for: HamsOuidaa. Generated by TwitRSS.me"
"image": "https://pbs.twimg.com/profile_images/1099736131644674050/McXtVARR_400x400.jpg"
}
"items": [
{
"title": "ربنا يرحمك يا مريم يارب"
"pubDate": "2017-02-05 16:33:33"
"link": "https://twitter.com/HamsOuidaa/status/828280410954145792"
"guid": "https://twitter.com/HamsOuidaa/status/828280410954145792"
"author": "(@HamsOuidaa)"
"thumbnail": "https://abs.twimg.com/emoji/v2/72x72/1f49a.png"
"description": "<p class="TweetTextSize TweetTextSize--normal js-tweet-text tweet-text tweet-text-rtl" lang="ar">ربنا يرحمك يا مريم يارب<img alt="💚" aria-label="Emoji: Green heart" class="Emoji Emoji--forText" draggable="false" src="https://abs.twimg.com/emoji/v2/72x72/1f49a.png" title="Green heart"></p>"
"content": "<p class="TweetTextSize TweetTextSize--normal js-tweet-text tweet-text tweet-text-rtl" lang="ar">ربنا يرحمك يا مريم يارب<img alt="💚" aria-label="Emoji: Green heart" class="Emoji Emoji--forText" draggable="false" src="https://abs.twimg.com/emoji/v2/72x72/1f49a.png" title="Green heart"></p>"
"enclosure": {
}
"categories": [
]
}
{
"title": "مين فكرك بالاسم دا https://twitter.com/Hodaahmad95/status/1103050561161695237 …"
"pubDate": "2019-03-05 22:47:31"
"link": "https://twitter.com/HamsOuidaa/status/1103064525929152512"
"guid": "https://twitter.com/HamsOuidaa/status/1103064525929152512"
"author": "(@HamsOuidaa)"
"thumbnail": "https://abs.twimg.com/emoji/v2/72x72/1f60c.png"
"description": "<p class="TweetTextSize TweetTextSize--normal js-tweet-text tweet-text tweet-text-rtl" lang="ar">مين فكرك بالاسم دا<img alt="😌" aria-label="Emoji: Relieved face" class="Emoji Emoji--forText" draggable="false" src="https://abs.twimg.com/emoji/v2/72x72/1f60c.png" title="Relieved face"><img alt="😂" aria-label="Emoji: Face with tears of joy" class="Emoji Emoji--forText" draggable="false" src="https://abs.twimg.com/emoji/v2/72x72/1f602.png" title="Face with tears of joy"><a href="https://twitter.com/Hodaahmad95/status/1103050561161695237">https://twitter.com/Hodaahmad95/status/1103050561161695237 …</a></p>"
"content": "<p class="TweetTextSize TweetTextSize--normal js-tweet-text tweet-text tweet-text-rtl" lang="ar">مين فكرك بالاسم دا<img alt="😌" aria-label="Emoji: Relieved face" class="Emoji Emoji--forText" draggable="false" src="https://abs.twimg.com/emoji/v2/72x72/1f60c.png" title="Relieved face"><img alt="😂" aria-label="Emoji: Face with tears of joy" class="Emoji Emoji--forText" draggable="false" src="https://abs.twimg.com/emoji/v2/72x72/1f602.png" title="Face with tears of joy"><a href="https://twitter.com/Hodaahmad95/status/1103050561161695237">https://twitter.com/Hodaahmad95/status/1103050561161695237 …</a></p>"
"enclosure": {
}
"categories": [
]
}
{
"title": "هو أن يدعمُك أهلُ الأَرْضِ جميعًا، لكنت تظلُّ مكانك مُنتظرًا تشجيعًا منه بالذات، وأن يكونَ هو أول مقصدِك لتشاركَه فرحتَك، وأن يكونَ ملجأك الأوحدَ وقت حُزنِك."
"pubDate": "2019-03-05 21:21:12"
"link": "https://twitter.com/3lya2_mar3y/status/1103042802055856130"
"guid": "https://twitter.com/3lya2_mar3y/status/1103042802055856130"
"author": "(@3lya2_mar3y)"
"thumbnail": ""
"description": "<p class="TweetTextSize TweetTextSize--normal js-tweet-text tweet-text tweet-text-rtl" lang="ar">هو أن يدعمُك أهلُ الأَرْضِ جميعًا، لكنت تظلُّ مكانك مُنتظرًا تشجيعًا منه بالذات، وأن يكونَ هو أول مقصدِك لتشاركَه فرحتَك، وأن يكونَ ملجأك الأوحدَ وقت حُزنِك.</p>"
"content": "<p class="TweetTextSize TweetTextSize--normal js-tweet-text tweet-text tweet-text-rtl" lang="ar">هو أن يدعمُك أهلُ الأَرْضِ جميعًا، لكنت تظلُّ مكانك مُنتظرًا تشجيعًا منه بالذات، وأن يكونَ هو أول مقصدِك لتشاركَه فرحتَك، وأن يكونَ ملجأك الأوحدَ وقت حُزنِك.</p>"
"enclosure": {
}
"categories": [
]
}
{
"title": "ما حد يقولنا فين ابراج المنوفية دى يا جماعة والنبى عشان الناس بتتريق عليا لما مبعرفهاش وهل هى ابراج فعلا ولا اسمها كده وخلاص؟ وايه علاقتها بالفطير معلش؟"
"pubDate": "2019-03-05 19:18:47"
"link": "https://twitter.com/HamsOuidaa/status/1103011995337588736"
"guid": "https://twitter.com/HamsOuidaa/status/1103011995337588736"
"author": "(@HamsOuidaa)"
"thumbnail": "https://abs.twimg.com/emoji/v2/72x72/1f602.png"
"description": "<p class="TweetTextSize TweetTextSize--normal js-tweet-text tweet-text tweet-text-rtl" lang="ar">ما حد يقولنا فين ابراج المنوفية دى يا جماعة والنبى عشان الناس بتتريق عليا لما مبعرفهاش وهل هى ابراج فعلا ولا اسمها كده وخلاص؟ وايه علاقتها بالفطير معلش؟<img alt="😂" aria-label="Emoji: Face with tears of joy" class="Emoji Emoji--forText" draggable="false" src="https://abs.twimg.com/emoji/v2/72x72/1f602.png" title="Face with tears of joy"></p>"
"content": "<p class="TweetTextSize TweetTextSize--normal js-tweet-text tweet-text tweet-text-rtl" lang="ar">ما حد يقولنا فين ابراج المنوفية دى يا جماعة والنبى عشان الناس بتتريق عليا لما مبعرفهاش وهل هى ابراج فعلا ولا اسمها كده وخلاص؟ وايه علاقتها بالفطير معلش؟<img alt="😂" aria-label="Emoji: Face with tears of joy" class="Emoji Emoji--forText" draggable="false" src="https://abs.twimg.com/emoji/v2/72x72/1f602.png" title="Face with tears of joy"></p>"
"enclosure": {
}
"categories": [
]
}
{
"title": "قُلْ مَنْ يَرْزُقُكُمْ مِنَ السَّمَاوَاتِ وَالْأَرْضِ ۖ قُلِ اللَّهُ"
"pubDate": "2019-03-05 06:20:00"
"link": "https://twitter.com/AlMosahf/status/1102816007821844480"
"guid": "https://twitter.com/AlMosahf/status/1102816007821844480"
"author": "(@AlMosahf)"
"thumbnail": ""
"description": "<p class="TweetTextSize TweetTextSize--normal js-tweet-text tweet-text tweet-text-rtl" lang="ar">قُلْ مَنْ يَرْزُقُكُمْ مِنَ السَّمَاوَاتِ وَالْأَرْضِ ۖ قُلِ اللَّهُ</p>"
"content": "<p class="TweetTextSize TweetTextSize--normal js-tweet-text tweet-text tweet-text-rtl" lang="ar">قُلْ مَنْ يَرْزُقُكُمْ مِنَ السَّمَاوَاتِ وَالْأَرْضِ ۖ قُلِ اللَّهُ</p>"
"enclosure": {
}
"categories": [
]
}
{
"title": "ربي إني في أشد الحاجة إليك فلا تتركني ."
"pubDate": "2019-03-04 17:34:21"
"link": "https://twitter.com/cheroukmahmoud1/status/1102623328727191554"
"guid": "https://twitter.com/cheroukmahmoud1/status/1102623328727191554"
"author": "(@cheroukmahmoud1)"
"thumbnail": "https://abs.twimg.com/emoji/v2/72x72/1f499.png"
"description": "<p class="TweetTextSize TweetTextSize--normal js-tweet-text tweet-text tweet-text-rtl" lang="ar">ربي إني في أشد الحاجة إليك فلا تتركني .<img alt="💙" aria-label="Emoji: Blue heart" class="Emoji Emoji--forText" draggable="false" src="https://abs.twimg.com/emoji/v2/72x72/1f499.png" title="Blue heart"></p>"
"content": "<p class="TweetTextSize TweetTextSize--normal js-tweet-text tweet-text tweet-text-rtl" lang="ar">ربي إني في أشد الحاجة إليك فلا تتركني .<img alt="💙" aria-label="Emoji: Blue heart" class="Emoji Emoji--forText" draggable="false" src="https://abs.twimg.com/emoji/v2/72x72/1f499.png" title="Blue heart"></p>"
"enclosure": {
}
"categories": [
]
}
{
"title": "بتعملوا ايه لما يكون جواكوا شعورين عكس بعض!"
"pubDate": "2019-03-04 19:50:35"
"link": "https://twitter.com/HamsOuidaa/status/1102657609792933891"
"guid": "https://twitter.com/HamsOuidaa/status/1102657609792933891"
"author": "(@HamsOuidaa)"
"thumbnail": ""
"description": "<p class="TweetTextSize TweetTextSize--normal js-tweet-text tweet-text tweet-text-rtl" lang="ar">بتعملوا ايه لما يكون جواكوا شعورين عكس بعض!</p>"
"content": "<p class="TweetTextSize TweetTextSize--normal js-tweet-text tweet-text tweet-text-rtl" lang="ar">بتعملوا ايه لما يكون جواكوا شعورين عكس بعض!</p>"
"enclosure": {
}
"categories": [
]
}
{
"title": "أنت بحاجة لشاهد واحد علىٰ الأقل، ليؤكد لك قبل أي أحد، بأنك لست شبحًا. شبحًا كئيبًا ومملًا، ولا يخيف أحدًا. هل تعرف معنى أن يهتم لأمرك أحدا ما؟!"
"pubDate": "2019-03-03 14:08:05"
"link": "https://twitter.com/cr_mockingbird/status/1102209031307972608"
"guid": "https://twitter.com/cr_mockingbird/status/1102209031307972608"
"author": "(@cr_mockingbird)"
"thumbnail": ""
"description": "<p class="TweetTextSize TweetTextSize--normal js-tweet-text tweet-text tweet-text-rtl" lang="ar">أنت بحاجة لشاهد واحد علىٰ الأقل، ليؤكد لك قبل أي أحد، بأنك لست شبحًا. شبحًا كئيبًا ومملًا، ولا يخيف أحدًا. هل تعرف معنى أن يهتم لأمرك أحدا ما؟!</p>"
"content": "<p class="TweetTextSize TweetTextSize--normal js-tweet-text tweet-text tweet-text-rtl" lang="ar">أنت بحاجة لشاهد واحد علىٰ الأقل، ليؤكد لك قبل أي أحد، بأنك لست شبحًا. شبحًا كئيبًا ومملًا، ولا يخيف أحدًا. هل تعرف معنى أن يهتم لأمرك أحدا ما؟!</p>"
"enclosure": {
}
"categories": [
]
}
{
"title": "من المهم، أن تكون ”مهمًا“ لشخص ما في هذا العالم، أن تكون بطلًا في قصة واحدة علىٰ الأقل أن تكون داخل رأس أحدهم، أنت تعرف، وجودك لا يقتصر علىٰ إدراكك لنفسك أنت بحاجة لشهود، وجودك بحاجة إلىٰ شهود، وعيك الخاص سيسبب لك إحراجًا في هذه المسألة - خالد صدقة، مقتطف @yaoyaomva :Artwork bypic.twitter.com/1etQocn0dm"
"pubDate": "2019-03-03 14:08:04"
"link": "https://twitter.com/cr_mockingbird/status/1102209024307666944"
"guid": "https://twitter.com/cr_mockingbird/status/1102209024307666944"
"author": "(@cr_mockingbird)"
"thumbnail": "https://pbs.twimg.com/media/D0vVOFPWoAUVLwv.jpg"
"description": " <p class="TweetTextSize TweetTextSize--normal js-tweet-text tweet-text tweet-text-rtl" lang="ar">من المهم، أن تكون ”مهمًا“ لشخص ما في هذا العالم، أن تكون بطلًا في قصة واحدة علىٰ الأقل أن تكون داخل رأس أحدهم، أنت تعرف، وجودك لا يقتصر علىٰ إدراكك لنفسك أنت بحاجة لشهود، وجودك بحاجة إلىٰ شهود، وعيك الخاص سيسبب لك إحراجًا في هذه المسألة - خالد صدقة، مقتطف <a class="twitter-atreply pretty-link js-nav" dir="ltr" href="https://twitter.com/yaoyaomva">@<b>yaoyaomva</b></a> :Artwork by <a class="twitter-timeline-link u-hidden" dir="ltr" href="https://pic.twitter.com/1etQocn0dm">pic.twitter.com/1etQocn0dm</a></p> <img src="https://pbs.twimg.com/media/D0vVOFPWoAUVLwv.jpg" width="250"> "
"content": " <p class="TweetTextSize TweetTextSize--normal js-tweet-text tweet-text tweet-text-rtl" lang="ar">من المهم، أن تكون ”مهمًا“ لشخص ما في هذا العالم، أن تكون بطلًا في قصة واحدة علىٰ الأقل أن تكون داخل رأس أحدهم، أنت تعرف، وجودك لا يقتصر علىٰ إدراكك لنفسك أنت بحاجة لشهود، وجودك بحاجة إلىٰ شهود، وعيك الخاص سيسبب لك إحراجًا في هذه المسألة - خالد صدقة، مقتطف <a class="twitter-atreply pretty-link js-nav" dir="ltr" href="https://twitter.com/yaoyaomva">@<b>yaoyaomva</b></a> :Artwork by <a class="twitter-timeline-link u-hidden" dir="ltr" href="https://pic.twitter.com/1etQocn0dm">pic.twitter.com/1etQocn0dm</a></p> <img src="https://pbs.twimg.com/media/D0vVOFPWoAUVLwv.jpg" width="250"> "
"enclosure": {
}
"categories": [
]
}
{
"title": "Message of the day. سِكة الصبر نهايتها جبرك مّهما طَوِلت"
"pubDate": "2019-03-03 09:18:20"
"link": "https://twitter.com/a_awni10/status/1102136112267620352"
"guid": "https://twitter.com/a_awni10/status/1102136112267620352"
"author": "(@a_awni10)"
"thumbnail": "https://abs.twimg.com/emoji/v2/72x72/1f499.png"
"description": "<p class="TweetTextSize TweetTextSize--normal js-tweet-text tweet-text tweet-text-rtl" lang="ar">Message of the day. سِكة الصبر نهايتها جبرك مّهما طَوِلت<img alt="💙" aria-label="Emoji: Blue heart" class="Emoji Emoji--forText" draggable="false" src="https://abs.twimg.com/emoji/v2/72x72/1f499.png" title="Blue heart"></p>"
"content": "<p class="TweetTextSize TweetTextSize--normal js-tweet-text tweet-text tweet-text-rtl" lang="ar">Message of the day. سِكة الصبر نهايتها جبرك مّهما طَوِلت<img alt="💙" aria-label="Emoji: Blue heart" class="Emoji Emoji--forText" draggable="false" src="https://abs.twimg.com/emoji/v2/72x72/1f499.png" title="Blue heart"></p>"
"enclosure": {
}
"categories": [
]
}
]
}